{"gradients/3.bias": {"_type": "histogram", "values": [1.0, 0.0, 0.0, 0.0, 0.0, 0.0, 0.0, 0.0, 0.0, 0.0, 0.0, 0.0, 0.0, 0.0, 0.0, 0.0, 0.0, 0.0, 0.0, 0.0, 1.0, 0.0, 0.0, 0.0, 0.0, 0.0, 0.0, 0.0, 1.0, 0.0, 1.0, 2.0, 1.0, 1.0, 0.0, 1.0, 0.0, 0.0, 0.0, 0.0, 0.0, 0.0, 0.0, 0.0, 0.0, 0.0, 0.0, 0.0, 0.0, 0.0, 0.0, 0.0, 0.0, 0.0, 0.0, 0.0, 0.0, 0.0, 0.0, 0.0, 0.0, 0.0, 0.0, 1.0], "bins": [-0.0057425228878855705, -0.005555861163884401, -0.005369199905544519, -0.00518253818154335, -0.004995876923203468, -0.004809215199202299, -0.00462255347520113, -0.004435892216861248, -0.004249230492860079, -0.00406256876885891, -0.0038759075105190277, -0.0036892457865178585, -0.003502584295347333, -0.0033159228041768074, -0.003129261080175638, -0.0029425995890051126, -0.002755938097834587, -0.0025692766066640615, -0.002382615115493536, -0.002195953391492367, -0.0020092919003218412, -0.0018226304091513157, -0.0016359686851501465, -0.0014493074268102646, -0.0012626457028090954, -0.0010759839788079262, -0.0008893227204680443, -0.0007026609964668751, -0.0005159992724657059, -0.000329338014125824, -0.00014267629012465477, 4.398496821522713e-05, 0.00023064622655510902, 0.00041730795055627823, 0.0006039692088961601, 0.0007906309328973293, 0.0009772921912372112, 0.0011639539152383804, 0.0013506156392395496, 0.0015372768975794315, 0.0017239386215806007, 0.00191060034558177, 0.002097261603921652, 0.002283923327922821, 0.0024705848190933466, 0.002657246310263872, 0.0028439080342650414, 0.003030569525435567, 0.0032172310166060925, 0.003403892507776618, 0.0035905539989471436, 0.0037772157229483128, 0.003963877446949482, 0.004150538705289364, 0.004337200429290533, 0.004523862153291702, 0.004710523411631584, 0.004897184669971466, 0.005083846393972635, 0.0052705081179738045, 0.005457169376313686, 0.005643831100314856, 0.005830492824316025, 0.006017154082655907, 0.006203815806657076]}, "_timestamp": 1707916379.4223223, "gradients/3.weight": {"_type": "histogram", "values": [1.0, 0.0, 0.0, 0.0, 0.0, 0.0, 1.0, 0.0, 0.0, 0.0, 3.0, 1.0, 0.0, 0.0, 0.0, 0.0, 1.0, 3.0, 0.0, 1.0, 1.0, 1.0, 2.0, 4.0, 1.0, 0.0, 6.0, 6.0, 7.0, 6.0, 7.0, 18.0, 15.0, 1028.0, 80.0, 30.0, 17.0, 8.0, 8.0, 5.0, 2.0, 1.0, 2.0, 0.0, 1.0, 1.0, 2.0, 2.0, 0.0, 1.0, 1.0, 0.0, 0.0, 1.0, 2.0, 1.0, 0.0, 1.0, 0.0, 0.0, 0.0, 0.0, 0.0, 1.0], "bins": [-0.022517848759889603, -0.021849749609827995, -0.021181650459766388, -0.02051355317234993, -0.019845454022288322, -0.019177354872226715, -0.018509255722165108, -0.0178411565721035, -0.017173057422041893, -0.016504958271980286, -0.015836860984563828, -0.01516876183450222, -0.014500662684440613, -0.013832563534379005, -0.013164464384317398, -0.012496366165578365, -0.011828267015516758, -0.01116016786545515, -0.010492069646716118, -0.00982397049665451, -0.009155871346592903, -0.00848777312785387, -0.007819673977792263, -0.007151574827730656, -0.006483476608991623, -0.0058153774589300156, -0.005147278308868408, -0.004479179158806801, -0.0038110800087451935, -0.0031429827213287354, -0.002474883571267128, -0.0018067844212055206, -0.0011386852711439133, -0.0004705861210823059, 0.00019751302897930145, 0.0008656121790409088, 0.001533709466457367, 0.0022018086165189743, 0.0028699077665805817, 0.003538006916642189, 0.004206106066703796, 0.004874204285442829, 0.0055423034355044365, 0.006210402585566044, 0.006878500804305077, 0.007546599954366684, 0.008214699104428291, 0.008882797323167324, 0.009550896473228931, 0.010218995623290539, 0.010887093842029572, 0.011555192992091179, 0.012223292142152786, 0.012891391292214394, 0.013559489510953426, 0.014227588661015034, 0.014895686879754066, 0.015563786029815674, 0.01623188517987728, 0.01689998432993889, 0.017568083480000496, 0.018236182630062103, 0.01890427991747856, 0.01957237906754017, 0.020240478217601776]}, "gradients/1.bias": {"_type": "histogram", "values": [1.0, 0.0, 0.0, 1.0, 1.0, 0.0, 0.0, 0.0, 1.0, 3.0, 0.0, 0.0, 0.0, 2.0, 0.0, 2.0, 0.0, 0.0, 0.0, 1.0, 3.0, 0.0, 1.0, 0.0, 1.0, 0.0, 3.0, 1.0, 1.0, 3.0, 2.0, 5.0, 4.0, 3.0, 3.0, 1.0, 60.0, 5.0, 1.0, 1.0, 4.0, 3.0, 0.0, 2.0, 0.0, 1.0, 0.0, 2.0, 0.0, 0.0, 0.0, 0.0, 2.0, 0.0, 0.0, 0.0, 0.0, 1.0, 0.0, 0.0, 0.0, 0.0, 2.0, 1.0], "bins": [-0.0048743439838290215, -0.004739629570394754, -0.0046049146912992, -0.004470200277864933, -0.004335485398769379, -0.004200770985335112, -0.004066056106239557, -0.00393134169280529, -0.0037966270465403795, -0.003661912400275469, -0.003527197754010558, -0.0033924831077456474, -0.0032577686943113804, -0.003123053815215826, -0.002988339401781559, -0.0028536247555166483, -0.0027189101092517376, -0.002584195462986827, -0.002449480816721916, -0.0023147661704570055, -0.002180051524192095, -0.0020453371107578278, -0.001910622464492917, -0.0017759078182280064, -0.0016411931719630957, -0.001506478525698185, -0.0013717638794332743, -0.0012370492331683636, -0.0011023348197340965, -0.0009676199406385422, -0.0008329055272042751, -0.0006981906481087208, -0.0005634757690131664, -0.0004287613555788994, -0.00029404647648334503, -0.000159332063049078, -2.4617183953523636e-05, 0.00011009722948074341, 0.0002448118757456541, 0.0003795265220105648, 0.0005142411682754755, 0.0006489558145403862, 0.0007836704608052969, 0.0009183851070702076, 0.0010530995205044746, 0.0011878141667693853, 0.001322528813034296, 0.0014572434592992067, 0.0015919581055641174, 0.0017266727518290281, 0.0018613873980939388, 0.001996101811528206, 0.0021308166906237602, 0.0022655311040580273, 0.002400245750322938, 0.0025349603965878487, 0.0026696750428527594, 0.00280438968911767, 0.0029391043353825808, 0.0030738189816474915, 0.0032085333950817585, 0.003343248041346669, 0.00347796268761158, 0.0036126773338764906, 0.0037473919801414013]}, "gradients/1.weight": {"_type": "histogram", "values": [20.0, 13.0, 9.0, 13.0, 17.0, 7.0, 2.0, 2.0, 23.0, 44.0, 32.0, 16.0, 13.0, 50.0, 27.0, 55.0, 31.0, 34.0, 22.0, 52.0, 94.0, 37.0, 32.0, 39.0, 101.0, 50.0, 121.0, 133.0, 229.0, 166.0, 199.0, 523.0, 640.0, 694.0, 746.0, 1249.0, 91750.0, 798.0, 450.0, 501.0, 335.0, 276.0, 69.0, 88.0, 98.0, 75.0, 34.0, 90.0, 19.0, 9.0, 20.0, 31.0, 45.0, 12.0, 15.0, 5.0, 5.0, 5.0, 5.0, 5.0, 12.0, 12.0, 33.0, 20.0], "bins": [-0.0048743439838290215, -0.004739629570394754, -0.0046049146912992, -0.004470200277864933, -0.004335485398769379, -0.004200770985335112, -0.004066056106239557, -0.00393134169280529, -0.0037966270465403795, -0.003661912400275469, -0.003527197754010558, -0.0033924831077456474, -0.0032577686943113804, -0.003123053815215826, -0.002988339401781559, -0.0028536247555166483, -0.0027189101092517376, -0.002584195462986827, -0.002449480816721916, -0.0023147661704570055, -0.002180051524192095, -0.0020453371107578278, -0.001910622464492917, -0.0017759078182280064, -0.0016411931719630957, -0.001506478525698185, -0.0013717638794332743, -0.0012370492331683636, -0.0011023348197340965, -0.0009676199406385422, -0.0008329055272042751, -0.0006981906481087208, -0.0005634757690131664, -0.0004287613555788994, -0.00029404647648334503, -0.000159332063049078, -2.4617183953523636e-05, 0.00011009722948074341, 0.0002448118757456541, 0.0003795265220105648, 0.0005142411682754755, 0.0006489558145403862, 0.0007836704608052969, 0.0009183851070702076, 0.0010530995205044746, 0.0011878141667693853, 0.001322528813034296, 0.0014572434592992067, 0.0015919581055641174, 0.0017266727518290281, 0.0018613873980939388, 0.001996101811528206, 0.0021308166906237602, 0.0022655311040580273, 0.002400245750322938, 0.0025349603965878487, 0.0026696750428527594, 0.00280438968911767, 0.0029391043353825808, 0.0030738189816474915, 0.0032085333950817585, 0.003343248041346669, 0.00347796268761158, 0.0036126773338764906, 0.0037473919801414013]}, "mean val loss": 0.10378007590770721, "mean val accuracy": 0.972, "_runtime": 179.02356028556824, "_step": 2}